Problem,Stage,RunID
RWMOP9,MAIN,1
RWMOP9,MAIN,2
RWMOP9,MAIN,3
RWMOP9,MAIN,4
RWMOP9,MAIN,5
RWMOP9,MAIN,6
RWMOP9,MAIN,7
RWMOP9,MAIN,8
RWMOP9,MAIN,9
RWMOP9,MAIN,10
RWMOP9,MAIN,11
RWMOP9,MAIN,12
RWMOP9,MAIN,13
RWMOP9,MAIN,14
RWMOP9,MAIN,15
RWMOP9,MAIN,16
RWMOP9,MAIN,17
RWMOP9,MAIN,18
RWMOP9,MAIN,19
RWMOP9,MAIN,20
RWMOP9,MAIN,21
RWMOP9,MAIN,22
RWMOP9,MAIN,23
RWMOP9,MAIN,24
RWMOP9,MAIN,25
RWMOP9,MAIN,26
RWMOP9,MAIN,27
RWMOP9,MAIN,28
RWMOP9,MAIN,29
RWMOP9,MAIN,30
RWMOP9,MAIN,31
RWMOP9,MAIN,32
RWMOP9,MAIN,33
RWMOP9,MAIN,34
RWMOP9,MAIN,35
RWMOP9,MAIN,36
RWMOP9,MAIN,37
RWMOP9,MAIN,38
RWMOP9,MAIN,39
RWMOP9,MAIN,40
RWMOP9,MAIN,41
RWMOP9,MAIN,42
RWMOP9,MAIN,43
RWMOP9,MAIN,44
RWMOP9,MAIN,45
RWMOP9,MAIN,46
RWMOP9,MAIN,47
RWMOP9,MAIN,48
RWMOP9,MAIN,49
RWMOP9,MAIN,50
RWMOP9,MAIN,51
RWMOP9,MAIN,52
RWMOP9,MAIN,53
RWMOP9,MAIN,54
RWMOP9,MAIN,55
RWMOP9,MAIN,56
RWMOP9,MAIN,57
RWMOP9,MAIN,58
RWMOP9,MAIN,59
RWMOP9,MAIN,60
